<?xml version="1.0" encoding="gb2312"?>
<SREG>
  <Node CNO="00e6eaf5-fe54-4965-b7ee-322d30128b93">
    <UserName>zs</UserName>
    <UserNO>S56cERLWYItXeoXNBsuCof8Gs6O7oTthTuOdKQOq+Dg=</UserNO>
    <SDate>2012/7/31 16:28:50</SDate>
  </Node>
  <Node CNO="d91ece3d-9945-4c51-b83f-64ff468cdab6">
    <UserName>CS</UserName>
    <UserNO>nYcz0W+zvEF9LHFAKb5YA1ZjZeTkUYW98zobfOzDhJtRFXpT8e0ux6KdfhLDlufU</UserNO>
    <SDate>2012/8/24 20:03:35</SDate>
  </Node>
  <Node CNO="20d33e93-d447-403d-a7d6-130402f672e4">
    <UserName>qiwsir</UserName>
    <UserNO>OUmOyVE6m6XYh9YDNkekfFeaMEsU9UaobIK6qrAtL/2RzO43czTc/nMPWPeMDlrz</UserNO>
    <SDate>2012-8-24 21:37:09</SDate>
  </Node>
  <Node CNO="69a25150-9582-4687-a6e8-a1abad2fa281">
    <UserName>qiwei</UserName>
    <UserNO>+ocV9FaYpwgSObaMW9fuy46heGk1U+bZIrlSiMhh8CP6yj5s5X+7B8FPhbJmkxKC</UserNO>
    <SDate>2012-8-24 22:41:07</SDate>
  </Node>
  <Node CNO="8eace1f2-8b17-43f7-9176-ff0338d02b4f">
    <UserName>pan</UserName>
    <UserNO>3meHdr0bKjR/GOoPjVK7kpGNqqrlLnEd58Y1cQIkYj7FYDxCNrQkXe2BYso1KjPg</UserNO>
    <SDate>2012-8-24 23:37:46</SDate>
  </Node>
</SREG>